NAME,COURSE,CATEGORY,GENDER,OPEN RANK,CLOSE RANK,YEAR
KHARAGPUR,CIVIL,OPEN,FEMALE,12287,13117,2022
HYDERABAD,CIVIL,OPEN,FEMALE,12191,14454,2021
HYDERABAD,CIVIL,OPEN,FEMALE,12078,14090,2022
KHARAGPUR,CIVIL,OPEN,FEMALE,12066,12800,2021
KHARAGPUR,CIVIL,OPEN,FEMALE,11247,13732,2023
HYDERABAD,CIVIL,OPEN,FEMALE,10668,14111,2023
HYDERABAD,CIVIL,OPEN,FEMALE,9770,12426,2020
KHARAGPUR,CIVIL,OPEN,FEMALE,9369,11231,2020
MADRAS,CIVIL,OPEN,FEMALE,9204,10183,2022
MADRAS,CIVIL,OPEN,FEMALE,9204,10183,2022
MADRAS,CIVIL,OPEN,FEMALE,9204,10183,2022
MADRAS,CIVIL,OPEN,FEMALE,9204,10183,2022
HYDERABAD,MECH,OPEN,FEMALE,9021,11710,2021
HYDERABAD,MECH,OPEN,FEMALE,8388,10167,2022
MADRAS,CIVIL,OPEN,FEMALE,8145,11569,2021
MADRAS,CIVIL,OPEN,FEMALE,8145,11569,2021
KHARAGPUR,CIVIL,OPEN,FEMALE,7926,8707,2019
MADRAS,CIVIL,OPEN,FEMALE,7923,10560,2020
MADRAS,CIVIL,OPEN,FEMALE,7923,10560,2020
HYDERABAD,MECH,OPEN,FEMALE,7805,8784,2020
MADRAS,CIVIL,OPEN,FEMALE,7746,9661,2023
MADRAS,CIVIL,OPEN,FEMALE,7746,9661,2023
HYDERABAD,MECH,OPEN,FEMALE,7694,9449,2023
DELHI,CIVIL,OPEN,FEMALE,7614,9291,2023
HYDERABAD,CIVIL,OPEN,FEMALE,7102,10564,2019
HYDERABAD,CIVIL,OPEN,MALE,6816,8716,2022
HYDERABAD,CIVIL,OPEN,MALE,6611,9303,2023
KHARAGPUR,MECH,OPEN,FEMALE,6476,7331,2023
DELHI,CIVIL,OPEN,FEMALE,6382,8646,2021
KHARAGPUR,MECH,OPEN,FEMALE,6064,8102,2021
HYDERABAD,CIVIL,OPEN,MALE,5964,7775,2021
HYDERABAD,CIVIL,OPEN,MALE,5938,7388,2020
HYDERABAD,MECH,OPEN,FEMALE,5896,6817,2019
KHARAGPUR,MECH,OPEN,FEMALE,5873,9315,2022
MADRAS,CIVIL,OPEN,FEMALE,5710,7956,2019
MADRAS,CIVIL,OPEN,FEMALE,5710,7956,2019
KHARAGPUR,MECH,OPEN,FEMALE,5654,6931,2020
DELHI,CIVIL,OPEN,FEMALE,5546,8281,2020
KHARAGPUR,CIVIL,OBC-NCL,FEMALE,5441,5583,2022
KHARAGPUR,CIVIL,OPEN,MALE,5234,7177,2023
KHARAGPUR,CIVIL,OBC-NCL,FEMALE,5124,5507,2023
HYDERABAD,CIVIL,OBC-NCL,FEMALE,5117,5606,2022
DELHI,CIVIL,OPEN,FEMALE,5115,5854,2019
KHARAGPUR,MECH,OPEN,FEMALE,4932,6169,2019
DELHI,CIVIL,OPEN,FEMALE,4603,8274,2022
HYDERABAD,CIVIL,OBC-NCL,FEMALE,4563,4907,2023
HYDERABAD,CIVIL,OBC-NCL,FEMALE,4549,5224,2020
KHARAGPUR,CIVIL,OBC-NCL,FEMALE,4532,5335,2021
HYDERABAD,MECH,OBC-NCL,FEMALE,4527,4887,2022
KHARAGPUR,CIVIL,OPEN,MALE,4479,6556,2022
KHARAGPUR,CIVIL,OBC-NCL,FEMALE,4382,5298,2020
HYDERABAD,CIVIL,OBC-NCL,FEMALE,4306,4786,2021
MADRAS,CIVIL,OPEN,MALE,4224,6106,2022
MADRAS,CIVIL,OPEN,MALE,4224,6106,2022
MADRAS,CIVIL,OPEN,MALE,4224,6106,2022
MADRAS,CIVIL,OPEN,MALE,4224,6106,2022
MADRAS,CIVIL,OPEN,MALE,4147,6132,2023
MADRAS,CIVIL,OPEN,MALE,4147,6132,2023
DELHI,CIVIL,OBC-NCL,FEMALE,3923,4666,2022
MADRAS,CIVIL,OBC-NCL,FEMALE,3801,4932,2022
MADRAS,CIVIL,OBC-NCL,FEMALE,3801,4932,2022
MADRAS,CIVIL,OBC-NCL,FEMALE,3801,4932,2022
MADRAS,CIVIL,OBC-NCL,FEMALE,3801,4932,2022
HYDERABAD,EEE,OPEN,FEMALE,3743,5413,2021
HYDERABAD,CIVIL,OPEN,MALE,3729,6147,2019
KHARAGPUR,EEE,OPEN,FEMALE,3702,4399,2021
KHARAGPUR,CIVIL,OBC-NCL,FEMALE,3679,3708,2019
KHARAGPUR,MECH,OBC-NCL,FEMALE,3615,3905,2021
KHARAGPUR,CIVIL,OPEN,MALE,3593,4955,2019
DELHI,MECH,OPEN,FEMALE,3543,4760,2020
MADRAS,CIVIL,OPEN,MALE,3515,5740,2021
MADRAS,CIVIL,OPEN,MALE,3515,5740,2021
MADRAS,CIVIL,OBC-NCL,FEMALE,3455,4541,2021
MADRAS,CIVIL,OBC-NCL,FEMALE,3455,4541,2021
MADRAS,CIVIL,OPEN,MALE,3439,5727,2020
MADRAS,CIVIL,OPEN,MALE,3439,5727,2020
KHARAGPUR,EEE,OPEN,FEMALE,3438,4865,2023
HYDERABAD,MECH,OBC-NCL,FEMALE,3436,5055,2021
HYDERABAD,MECH,OBC-NCL,FEMALE,3390,4218,2020
DELHI,MECH,OPEN,FEMALE,3330,4401,2022
MADRAS,CIVIL,OBC-NCL,FEMALE,3315,4547,2023
MADRAS,CIVIL,OBC-NCL,FEMALE,3315,4547,2023
MADRAS,MECH,OPEN,FEMALE,3288,6344,2021
MADRAS,MECH,OPEN,FEMALE,3288,6344,2021
KHARAGPUR,CIVIL,OPEN,MALE,3286,5833,2020
HYDERABAD,MECH,OPEN,MALE,3273,5273,2022
KHARAGPUR,MECH,OBC-NCL,FEMALE,3257,4346,2022
HYDERABAD,CIVIL,OBC-NCL,FEMALE,3143,3143,2019
HYDERABAD,CIVIL,OBC-NCL,MALE,3137,3484,2023
KHARAGPUR,EEE,OPEN,FEMALE,3052,3785,2022
HYDERABAD,EEE,OPEN,FEMALE,3005,3962,2020
HYDERABAD,EEE,OPEN,FEMALE,3004,5070,2022
HYDERABAD,EEE,OPEN,FEMALE,2972,3787,2023
HYDERABAD,CIVIL,EWS,FEMALE,2966,2966,2021
HYDERABAD,MECH,OBC-NCL,FEMALE,2918,4176,2023
DELHI,MECH,OPEN,FEMALE,2875,4125,2019
HYDERABAD,MECH,OPEN,MALE,2868,4262,2020
DELHI,CIVIL,OPEN,MALE,2867,4472,2023
KHARAGPUR,MECH,OBC-NCL,FEMALE,2847,4166,2023
HYDERABAD,CIVIL,OBC-NCL,MALE,2820,3413,2022
KHARAGPUR,MECH,OBC-NCL,FEMALE,2819,2855,2019
DELHI,MECH,OPEN,FEMALE,2814,4077,2023
MADRAS,MECH,OPEN,FEMALE,2807,5739,2023
MADRAS,MECH,OPEN,FEMALE,2807,5739,2023
MADRAS,MECH,OPEN,FEMALE,2783,7823,2022
MADRAS,MECH,OPEN,FEMALE,2783,7823,2022
DELHI,CIVIL,OPEN,MALE,2766,4316,2022
HYDERABAD,MECH,OPEN,MALE,2759,4787,2021
MADRAS,MECH,OPEN,FEMALE,2721,4934,2019
MADRAS,MECH,OPEN,FEMALE,2721,4934,2019
KHARAGPUR,MECH,OPEN,MALE,2657,3294,2023
DELHI,MECH,OBC-NCL,FEMALE,2572,2992,2023
KHARAGPUR,EEE,OPEN,FEMALE,2559,3443,2019
HYDERABAD,CIVIL,OBC-NCL,MALE,2498,3110,2021
DELHI,CIVIL,OBC-NCL,FEMALE,2494,4048,2020
KHARAGPUR,CIVIL,EWS,FEMALE,2460,2460,2023
DELHI,MECH,OBC-NCL,FEMALE,2437,3386,2021
HYDERABAD,CIVIL,SC,FEMALE,2419,2448,2023
HYDERABAD,MECH,OBC-NCL,FEMALE,2415,2962,2019
HYDERABAD,CIVIL,EWS,FEMALE,2410,2410,2020
HYDERABAD,MECH,OPEN,MALE,2403,4976,2023
KHARAGPUR,CIVIL,EWS,FEMALE,2351,2351,2020
DELHI,CIVIL,OBC-NCL,FEMALE,2332,4418,2021
MADRAS,CIVIL,OBC-NCL,FEMALE,2325,4075,2020
MADRAS,CIVIL,OBC-NCL,FEMALE,2325,4075,2020
DELHI,MECH,OBC-NCL,FEMALE,2312,3002,2022
KHARAGPUR,MECH,OBC-NCL,FEMALE,2308,3460,2020
HYDERABAD,CIVIL,EWS,FEMALE,2307,2307,2022
HYDERABAD,MECH,OPEN,MALE,2289,3377,2019
HYDERABAD,CIVIL,SC,FEMALE,2229,2461,2022
MADRAS,CIVIL,OPEN,MALE,2220,4839,2019
MADRAS,CIVIL,OPEN,MALE,2220,4839,2019
DELHI,CIVIL,OBC-NCL,FEMALE,2205,4714,2023
HYDERABAD,CIVIL,EWS,FEMALE,2191,2191,2023
KHARAGPUR,ECE,OPEN,FEMALE,2186,2749,2023
HYDERABAD,MECH,EWS,FEMALE,2162,2162,2020
HYDERABAD,CIVIL,OBC-NCL,MALE,2158,2873,2020
MADRAS,CIVIL,EWS,FEMALE,2139,2649,2021
MADRAS,CIVIL,EWS,FEMALE,2139,2649,2021
HYDERABAD,MECH,SC,FEMALE,2133,2243,2022
HYDERABAD,EEE,OPEN,FEMALE,2100,3288,2019
KHARAGPUR,EEE,OPEN,FEMALE,2099,3549,2020
HYDERABAD,CIVIL,SC,FEMALE,2093,2310,2021
KHARAGPUR,CIVIL,OBC-NCL,MALE,2089,2506,2021
MADRAS,MECH,OPEN,FEMALE,2053,5280,2020
MADRAS,MECH,OPEN,FEMALE,2053,5280,2020
KHARAGPUR,MECH,SC,FEMALE,2043,2058,2021
KHARAGPUR,MECH,OPEN,MALE,2042,3350,2022
DELHI,CIVIL,OPEN,MALE,2023,3738,2020
HYDERABAD,EEE,OBC-NCL,FEMALE,2013,2685,2021
DELHI,MECH,OBC-NCL,FEMALE,2008,2481,2019
KHARAGPUR,CIVIL,OBC-NCL,MALE,1991,3007,2023
KHARAGPUR,CIVIL,EWS,FEMALE,1972,1972,2022
HYDERABAD,MECH,EWS,FEMALE,1965,1965,2022
MADRAS,MECH,OBC-NCL,FEMALE,1965,3765,2022
MADRAS,MECH,OBC-NCL,FEMALE,1965,3765,2022
HYDERABAD,MECH,SC,FEMALE,1948,2036,2023
KHARAGPUR,CIVIL,SC,FEMALE,1909,2302,2022
KHARAGPUR,CIVIL,OBC-NCL,MALE,1880,2670,2022
KHARAGPUR,ECE,OPEN,FEMALE,1878,2443,2019
HYDERABAD,MECH,EWS,FEMALE,1834,1834,2023
KHARAGPUR,CIVIL,SC,FEMALE,1833,1855,2020
MADRAS,MECH,OBC-NCL,FEMALE,1825,3594,2021
MADRAS,MECH,OBC-NCL,FEMALE,1825,3594,2021
KHARAGPUR,CIVIL,EWS,FEMALE,1815,1815,2021
KHARAGPUR,MECH,OPEN,MALE,1810,2896,2021
MADRAS,CIVIL,OBC-NCL,FEMALE,1790,3041,2019
MADRAS,CIVIL,OBC-NCL,FEMALE,1790,3041,2019
HYDERABAD,CIVIL,OBC-NCL,MALE,1776,2364,2019
MADRAS,CIVIL,EWS,FEMALE,1769,1896,2022
MADRAS,CIVIL,EWS,FEMALE,1769,1896,2022
MADRAS,CIVIL,EWS,FEMALE,1769,1896,2022
MADRAS,CIVIL,EWS,FEMALE,1769,1896,2022
KHARAGPUR,EEE,OBC-NCL,FEMALE,1761,2296,2022
KHARAGPUR,CIVIL,OPEN,MALE,1760,5855,2021
HYDERABAD,MECH,SC,FEMALE,1759,1803,2020
HYDERABAD,MECH,EWS,FEMALE,1731,1731,2021
MADRAS,MECH,OBC-NCL,FEMALE,1709,2312,2019
MADRAS,MECH,OBC-NCL,FEMALE,1709,2312,2019
HYDERABAD,MECH,SC,FEMALE,1689,2147,2021
MADRAS,CIVIL,OBC-NCL,MALE,1662,2440,2022
MADRAS,CIVIL,OBC-NCL,MALE,1662,2440,2022
MADRAS,CIVIL,OBC-NCL,MALE,1662,2440,2022
MADRAS,CIVIL,OBC-NCL,MALE,1662,2440,2022
HYDERABAD,CIVIL,SC,FEMALE,1659,1659,2019
KHARAGPUR,MECH,SC,FEMALE,1656,1950,2022
KHARAGPUR,ECE,OPEN,FEMALE,1654,2410,2022
KHARAGPUR,CIVIL,SC,FEMALE,1644,2006,2021
KHARAGPUR,ECE,OPEN,FEMALE,1640,2780,2021
HYDERABAD,EEE,OBC-NCL,FEMALE,1639,1827,2022
DELHI,CIVIL,EWS,FEMALE,1634,1805,2022
HYDERABAD,EEE,OBC-NCL,MALE,1626,1777,2020
MADRAS,CIVIL,EWS,FEMALE,1586,1891,2020
MADRAS,CIVIL,EWS,FEMALE,1586,1891,2020
DELHI,CIVIL,SC,FEMALE,1584,1644,2022
KHARAGPUR,CIVIL,OBC-NCL,MALE,1576,2361,2020
MADRAS,CIVIL,SC,FEMALE,1571,1976,2023
MADRAS,CIVIL,SC,FEMALE,1571,1976,2023
KHARAGPUR,ECE,OPEN,FEMALE,1569,2418,2020
DELHI,MECH,OPEN,FEMALE,1567,4607,2021
DELHI,CIVIL,SC,FEMALE,1564,1638,2021
KHARAGPUR,EEE,OBC-NCL,FEMALE,1561,1973,2021
HYDERABAD,CIVIL,SC,MALE,1556,1732,2022
MADRAS,CIVIL,EWS,FEMALE,1545,1845,2023
MADRAS,CIVIL,EWS,FEMALE,1545,1845,2023
MADRAS,CIVIL,OBC-NCL,MALE,1542,2180,2020
MADRAS,CIVIL,OBC-NCL,MALE,1542,2180,2020
DELHI,CIVIL,EWS,FEMALE,1541,2226,2023
MADRAS,CIVIL,OBC-NCL,MALE,1532,2357,2021
MADRAS,CIVIL,OBC-NCL,MALE,1532,2357,2021
KHARAGPUR,MECH,EWS,FEMALE,1526,1619,2021
KHARAGPUR,MECH,OPEN,MALE,1518,2259,2019
KHARAGPUR,MECH,EWS,FEMALE,1490,1698,2022
MADRAS,CIVIL,OBC-NCL,MALE,1486,2587,2023
MADRAS,CIVIL,OBC-NCL,MALE,1486,2587,2023
MADRAS,CIVIL,SC,FEMALE,1484,1932,2021
MADRAS,CIVIL,SC,FEMALE,1484,1932,2021
KHARAGPUR,EEE,OBC-NCL,FEMALE,1449,1717,2020
HYDERABAD,MECH,SC,FEMALE,1441,1441,2019
DELHI,MECH,OBC-NCL,FEMALE,1432,2691,2020
MADRAS,MECH,OBC-NCL,FEMALE,1431,3297,2020
MADRAS,MECH,OBC-NCL,FEMALE,1431,3297,2020
HYDERABAD,EEE,OBC-NCL,FEMALE,1426,1683,2023
KHARAGPUR,EEE,OBC-NCL,FEMALE,1411,1723,2019
HYDERABAD,EEE,OPEN,MALE,1383,2466,2022
HYDERABAD,CIVIL,SC,MALE,1380,1914,2023
KHARAGPUR,EEE,OPEN,MALE,1379,1833,2023
DELHI,CIVIL,SC,FEMALE,1369,1582,2020
KHARAGPUR,MECH,EWS,FEMALE,1352,1454,2020
DELHI,CIVIL,EWS,FEMALE,1337,1543,2021
DELHI,CIVIL,SC,FEMALE,1314,1523,2023
KHARAGPUR,EEE,OPEN,MALE,1288,1805,2022
DELHI,MECH,EWS,FEMALE,1279,1340,2020
DELHI,MECH,EWS,FEMALE,1279,1372,2023
KHARAGPUR,MECH,SC,FEMALE,1270,1294,2019
HYDERABAD,CIVIL,EWS,MALE,1264,1436,2023
DELHI,CIVIL,OBC-NCL,FEMALE,1243,3108,2019
HYDERABAD,MECH,OBC-NCL,MALE,1234,2354,2023
KHARAGPUR,MECH,SC,FEMALE,1224,1764,2023
HYDERABAD,MECH,OBC-NCL,MALE,1221,2268,2022
DELHI,CIVIL,EWS,FEMALE,1213,1775,2020
HYDERABAD,CIVIL,EWS,MALE,1202,1364,2020
KHARAGPUR,CIVIL,EWS,FEMALE,1197,1197,2019
KHARAGPUR,CIVIL,SC,FEMALE,1197,1197,2019
MADRAS,MECH,OBC-NCL,FEMALE,1195,2718,2023
MADRAS,MECH,OBC-NCL,FEMALE,1195,2718,2023
DELHI,MECH,EWS,FEMALE,1190,1226,2021
KHARAGPUR,EEE,OPEN,MALE,1187,1622,2020
KHARAGPUR,MECH,EWS,FEMALE,1184,1269,2023
KHARAGPUR,ECE,OBC-NCL,FEMALE,1179,1425,2020
HYDERABAD,CIVIL,EWS,MALE,1177,1388,2022
DELHI,CIVIL,EWS,FEMALE,1176,1176,2019
HYDERABAD,EEE,OPEN,MALE,1164,2094,2021
HYDERABAD,EEE,OBC-NCL,FEMALE,1163,1451,2019
KHARAGPUR,MECH,OBC-NCL,MALE,1145,1659,2023
KHARAGPUR,EEE,OBC-NCL,FEMALE,1143,1699,2023
MADRAS,MECH,EWS,FEMALE,1134,1274,2022
MADRAS,MECH,EWS,FEMALE,1134,1274,2022
DELHI,CIVIL,OPEN,MALE,1121,3429,2019
KHARAGPUR,CIVIL,SC,MALE,1111,1356,2021
MADRAS,MECH,EWS,FEMALE,1109,1442,2021
MADRAS,MECH,EWS,FEMALE,1109,1442,2021
DELHI,EEE,OBC-NCL,FEMALE,1106,1484,2022
HYDERABAD,CIVIL,SC,MALE,1100,1477,2020
DELHI,EEE,OBC-NCL,FEMALE,1095,1429,2020
KHARAGPUR,CIVIL,EWS,MALE,1090,1268,2023
DELHI,CIVIL,OBC-NCL,MALE,1086,1750,2022
DELHI,EEE,OPEN,FEMALE,1079,1572,2022
DELHI,MECH,EWS,FEMALE,1058,1147,2022
HYDERABAD,EEE,OPEN,MALE,1056,2196,2023
HYDERABAD,MECH,SC,MALE,1055,1394,2023
HYDERABAD,MECH,OBC-NCL,MALE,1051,1712,2020
HYDERABAD,MECH,ST,FEMALE,1044,1044,2023
MADRAS,MECH,SC,FEMALE,1041,1570,2022
MADRAS,MECH,SC,FEMALE,1041,1570,2022
HYDERABAD,CSE,OPEN,FEMALE,1026,1586,2019
HYDERABAD,CIVIL,ST,FEMALE,1018,1018,2023
KHARAGPUR,CIVIL,OBC-NCL,MALE,1018,1813,2019
HYDERABAD,MECH,OBC-NCL,MALE,1015,1926,2021
HYDERABAD,EEE,OPEN,MALE,1013,1910,2020
MADRAS,MECH,SC,FEMALE,1010,1873,2021
MADRAS,MECH,SC,FEMALE,1010,1873,2021
HYDERABAD,CIVIL,EWS,MALE,1006,1153,2021
KHARAGPUR,EEE,SC,FEMALE,1005,1035,2021
KHARAGPUR,MECH,OBC-NCL,MALE,997,1576,2022
DELHI,EEE,OPEN,FEMALE,996,1586,2021
HYDERABAD,EEE,SC,FEMALE,991,1077,2022
DELHI,EEE,OPEN,FEMALE,990,1412,2020
MADRAS,EEE,OBC-NCL,FEMALE,985,1438,2021
MADRAS,EEE,OBC-NCL,FEMALE,985,1438,2021
KHARAGPUR,ECE,OBC-NCL,FEMALE,982,1141,2023
KHARAGPUR,MECH,OPEN,MALE,980,2579,2020
MADRAS,CIVIL,SC,FEMALE,979,2249,2022
MADRAS,CIVIL,SC,FEMALE,979,2249,2022
MADRAS,CIVIL,SC,FEMALE,979,2249,2022
MADRAS,CIVIL,SC,FEMALE,979,2249,2022
KHARAGPUR,ECE,OBC-NCL,FEMALE,968,1061,2019
DELHI,MECH,SC,FEMALE,965,1260,2022
MADRAS,MECH,OPEN,MALE,964,2314,2020
MADRAS,MECH,OPEN,MALE,964,2314,2020
HYDERABAD,CIVIL,SC,FEMALE,963,1885,2020
HYDERABAD,MECH,ST,FEMALE,948,948,2022
DELHI,MECH,OPEN,MALE,947,1791,2023
HYDERABAD,CIVIL,ST,FEMALE,945,945,2021
MADRAS,CIVIL,SC,FEMALE,944,1128,2019
MADRAS,CIVIL,SC,FEMALE,944,1128,2019
KHARAGPUR,CIVIL,SC,FEMALE,941,2295,2023
KHARAGPUR,MECH,SC,FEMALE,934,1158,2020
KHARAGPUR,CIVIL,EWS,MALE,931,1080,2020
KHARAGPUR,MECH,OBC-NCL,MALE,927,1348,2021
MADRAS,CIVIL,EWS,FEMALE,920,920,2019
MADRAS,CIVIL,EWS,FEMALE,920,920,2019
HYDERABAD,CSE,OPEN,FEMALE,919,1227,2021
DELHI,MECH,OPEN,MALE,918,1882,2022
DELHI,CIVIL,OBC-NCL,MALE,911,2104,2023
KHARAGPUR,CIVIL,EWS,MALE,906,1207,2022
MADRAS,CIVIL,SC,MALE,897,1233,2021
MADRAS,CIVIL,SC,MALE,897,1233,2021
KHARAGPUR,ECE,OBC-NCL,FEMALE,893,1254,2021
HYDERABAD,EEE,EWS,FEMALE,890,890,2021
HYDERABAD,CIVIL,SC,MALE,890,1214,2019
HYDERABAD,MECH,ST,FEMALE,885,885,2019
DELHI,MECH,SC,FEMALE,885,1345,2021
MADRAS,MECH,OPEN,MALE,885,2572,2023
MADRAS,MECH,OPEN,MALE,885,2572,2023
DELHI,MECH,SC,FEMALE,884,1416,2023
HYDERABAD,MECH,ST,FEMALE,880,880,2021
DELHI,EEE,OPEN,FEMALE,879,1693,2023
HYDERABAD,MECH,SC,MALE,878,1043,2022
MADRAS,MECH,EWS,FEMALE,876,1414,2020
MADRAS,MECH,EWS,FEMALE,876,1414,2020
KHARAGPUR,CIVIL,EWS,MALE,873,919,2021
MADRAS,CIVIL,OBC-NCL,MALE,869,1690,2019
MADRAS,CIVIL,OBC-NCL,MALE,869,1690,2019
DELHI,MECH,OPEN,MALE,866,1743,2021
MADRAS,CIVIL,SC,MALE,864,1252,2022
MADRAS,CIVIL,SC,MALE,864,1252,2022
MADRAS,CIVIL,SC,MALE,864,1252,2022
MADRAS,CIVIL,SC,MALE,864,1252,2022
HYDERABAD,CIVIL,ST,FEMALE,859,859,2022
DELHI,CIVIL,SC,FEMALE,858,964,2019
DELHI,MECH,ST,FEMALE,856,1008,2019
MADRAS,MECH,EWS,FEMALE,850,1016,2023
MADRAS,MECH,EWS,FEMALE,850,1016,2023
MADRAS,CIVIL,EWS,MALE,838,1211,2023
MADRAS,CIVIL,EWS,MALE,838,1211,2023
DELHI,CIVIL,OBC-NCL,MALE,836,1620,2021
MADRAS,EEE,OPEN,FEMALE,831,2158,2023
MADRAS,EEE,OPEN,FEMALE,831,2158,2023
HYDERABAD,EEE,EWS,MALE,829,829,2020
MADRAS,MECH,OPEN,MALE,827,2786,2022
MADRAS,MECH,OPEN,MALE,827,2786,2022
KHARAGPUR,CIVIL,SC,MALE,824,1526,2023
KHARAGPUR,CIVIL,ST,FEMALE,817,817,2022
HYDERABAD,MECH,SC,MALE,813,1008,2021
KHARAGPUR,EEE,EWS,FEMALE,812,812,2020
HYDERABAD,EEE,OPEN,MALE,808,1868,2019
HYDERABAD,EEE,OPEN,MALE,808,1868,2019
MADRAS,EEE,OPEN,FEMALE,805,2074,2019
MADRAS,EEE,OPEN,FEMALE,805,2074,2019
KHARAGPUR,EEE,SC,FEMALE,803,934,2022
DELHI,EEE,OPEN,FEMALE,795,1676,2019
KHARAGPUR,MECH,OBC-NCL,MALE,787,921,2019
MADRAS,MECH,ST,FEMALE,785,803,2023
MADRAS,MECH,ST,FEMALE,785,803,2023
KHARAGPUR,EEE,OPEN,MALE,781,1417,2019
DELHI,MECH,EWS,FEMALE,780,780,2019
KHARAGPUR,CSE,OPEN,FEMALE,778,905,2022
HYDERABAD,EEE,OBC-NCL,MALE,776,1119,2022
KHARAGPUR,EEE,OPEN,MALE,776,1620,2021
MADRAS,CIVIL,EWS,MALE,772,1004,2022
MADRAS,CIVIL,EWS,MALE,772,1004,2022
MADRAS,CIVIL,EWS,MALE,772,1004,2022
MADRAS,CIVIL,EWS,MALE,772,1004,2022
MADRAS,EEE,OBC-NCL,FEMALE,768,1553,2022
MADRAS,EEE,OBC-NCL,FEMALE,768,1553,2022
MADRAS,CIVIL,SC,MALE,766,1131,2020
MADRAS,CIVIL,SC,MALE,766,1131,2020
MADRAS,EEE,OPEN,FEMALE,765,2199,2021
MADRAS,EEE,OPEN,FEMALE,765,2199,2021
KHARAGPUR,MECH,OBC-NCL,MALE,764,1266,2020
MADRAS,MECH,SC,FEMALE,759,1628,2023
MADRAS,MECH,SC,FEMALE,759,1628,2023
MADRAS,MECH,OPEN,MALE,757,2491,2021
MADRAS,MECH,OPEN,MALE,757,2491,2021
KHARAGPUR,MECH,EWS,FEMALE,754,754,2019
HYDERABAD,EEE,SC,FEMALE,753,1079,2023
HYDERABAD,CIVIL,ST,FEMALE,746,746,2020
KHARAGPUR,CIVIL,SC,MALE,744,1163,2020
MADRAS,MECH,OPEN,MALE,741,2032,2019
MADRAS,MECH,OPEN,MALE,741,2032,2019
MADRAS,MECH,ST,FEMALE,737,1012,2019
MADRAS,MECH,ST,FEMALE,737,1012,2019
DELHI,MECH,ST,FEMALE,735,735,2022
KHARAGPUR,EEE,SC,FEMALE,725,915,2023
MADRAS,CIVIL,EWS,MALE,719,1044,2020
MADRAS,CIVIL,EWS,MALE,719,1044,2020
DELHI,CIVIL,OBC-NCL,MALE,719,1329,2019
MADRAS,CIVIL,EWS,MALE,713,859,2021
MADRAS,CIVIL,EWS,MALE,713,859,2021
HYDERABAD,MECH,ST,FEMALE,708,708,2020
HYDERABAD,MECH,EWS,MALE,706,986,2022
HYDERABAD,EEE,EWS,FEMALE,704,704,2023
MADRAS,EEE,OBC-NCL,FEMALE,694,1047,2023
MADRAS,EEE,OBC-NCL,FEMALE,694,1047,2023
DELHI,EEE,OBC-NCL,FEMALE,694,1190,2021
KHARAGPUR,CSE,OPEN,FEMALE,692,894,2021
KHARAGPUR,CIVIL,ST,FEMALE,686,686,2023
HYDERABAD,EEE,SC,FEMALE,681,1124,2021
DELHI,MECH,ST,FEMALE,678,678,2023
KHARAGPUR,ECE,SC,FEMALE,676,676,2023
KHARAGPUR,EEE,EWS,FEMALE,674,674,2023
HYDERABAD,MECH,SC,MALE,669,996,2020
HYDERABAD,CSE,OBC-NCL,FEMALE,665,1091,2020
KHARAGPUR,EEE,EWS,FEMALE,663,663,2021
DELHI,MECH,OBC-NCL,MALE,662,980,2022
MADRAS,CIVIL,ST,FEMALE,657,685,2022
MADRAS,CIVIL,ST,FEMALE,657,685,2022
MADRAS,CIVIL,ST,FEMALE,657,685,2022
MADRAS,CIVIL,ST,FEMALE,657,685,2022
HYDERABAD,EEE,SC,MALE,656,752,2023
DELHI,MECH,OBC-NCL,MALE,655,1034,2023
MADRAS,CIVIL,SC,MALE,650,872,2019
MADRAS,CIVIL,SC,MALE,650,872,2019
MADRAS,CIVIL,SC,FEMALE,645,1660,2020
MADRAS,CIVIL,SC,FEMALE,645,1660,2020
DELHI,MECH,SC,FEMALE,642,1017,2020
KHARAGPUR,EEE,OBC-NCL,MALE,637,895,2023
HYDERABAD,CSE,OPEN,FEMALE,636,1300,2023
HYDERABAD,CSE,OPEN,FEMALE,631,1503,2022
KHARAGPUR,CIVIL,SC,MALE,626,908,2019
MADRAS,CIVIL,ST,FEMALE,621,800,2023
MADRAS,CIVIL,ST,FEMALE,621,800,2023
MADRAS,EEE,OPEN,FEMALE,620,2184,2022
MADRAS,EEE,OPEN,FEMALE,620,2184,2022
MADRAS,EEE,OBC-NCL,FEMALE,619,1064,2019
MADRAS,EEE,OBC-NCL,FEMALE,619,1064,2019
MADRAS,MECH,SC,FEMALE,618,1265,2020
MADRAS,MECH,SC,FEMALE,618,1265,2020
DELHI,MECH,OPEN,MALE,617,1464,2020
HYDERABAD,MECH,OBC-NCL,MALE,615,1260,2019
DELHI,CIVIL,OBC-NCL,MALE,614,1612,2020
HYDERABAD,EEE,EWS,FEMALE,612,612,2022
HYDERABAD,EEE,OBC-NCL,MALE,611,946,2021
HYDERABAD,EEE,ST,FEMALE,607,607,2019
DELHI,MECH,OBC-NCL,MALE,607,917,2020
HYDERABAD,EEE,ST,FEMALE,605,605,2023
HYDERABAD,MECH,EWS,MALE,604,751,2023
KHARAGPUR,CIVIL,ST,FEMALE,602,602,2019
HYDERABAD,CSE,OBC-NCL,FEMALE,598,650,2023
DELHI,EEE,OBC-NCL,FEMALE,597,1156,2019
KHARAGPUR,MECH,SC,MALE,595,903,2022
DELHI,EEE,SC,FEMALE,594,706,2022
KHARAGPUR,EEE,OBC-NCL,MALE,594,851,2022
HYDERABAD,MECH,EWS,MALE,593,719,2021
HYDERABAD,EEE,OBC-NCL,MALE,593,1079,2023
MADRAS,EEE,OPEN,FEMALE,591,2046,2020
MADRAS,EEE,OPEN,FEMALE,591,2046,2020
HYDERABAD,MECH,EWS,MALE,588,665,2020
MADRAS,CIVIL,ST,FEMALE,586,709,2021
MADRAS,CIVIL,ST,FEMALE,586,709,2021
DELHI,CIVIL,EWS,MALE,584,742,2020
MADRAS,MECH,ST,FEMALE,584,754,2021
MADRAS,MECH,ST,FEMALE,584,754,2021
KHARAGPUR,ECE,ST,FEMALE,582,582,2019
HYDERABAD,CIVIL,EWS,MALE,580,580,2019
DELHI,MECH,ST,FEMALE,577,577,2021
HYDERABAD,EEE,SC,MALE,577,755,2022
DELHI,MECH,OBC-NCL,MALE,577,910,2021
MADRAS,MECH,OBC-NCL,MALE,573,1258,2022
MADRAS,MECH,OBC-NCL,MALE,573,1258,2022
KHARAGPUR,ECE,OPEN,MALE,562,1205,2023
HYDERABAD,MECH,SC,MALE,560,840,2019
KHARAGPUR,ECE,OPEN,MALE,560,932,2019
HYDERABAD,CSE,SC,FEMALE,548,653,2021
HYDERABAD,EEE,OBC-NCL,MALE,548,777,2019
HYDERABAD,CIVIL,ST,MALE,542,565,2021
DELHI,CIVIL,EWS,MALE,542,898,2023
KHARAGPUR,ECE,SC,FEMALE,537,537,2022
KHARAGPUR,CIVIL,ST,FEMALE,537,537,2020
KHARAGPUR,ECE,OPEN,MALE,532,1137,2020
MADRAS,CIVIL,ST,FEMALE,531,595,2020
MADRAS,CIVIL,ST,FEMALE,531,595,2020
HYDERABAD,MECH,ST,MALE,525,590,2022
MADRAS,MECH,ST,FEMALE,524,643,2022
MADRAS,MECH,ST,FEMALE,524,643,2022
KHARAGPUR,MECH,EWS,MALE,523,577,2023
KHARAGPUR,CSE,OPEN,FEMALE,523,702,2023
DELHI,CIVIL,OPEN,MALE,523,3832,2021
DELHI,CIVIL,EWS,MALE,522,713,2022
KHARAGPUR,CSE,OPEN,FEMALE,520,980,2019
HYDERABAD,CIVIL,ST,MALE,519,629,2022
KHARAGPUR,ECE,EWS,FEMALE,512,674,2020
KHARAGPUR,ECE,SC,FEMALE,510,510,2019
KHARAGPUR,EEE,OBC-NCL,MALE,507,806,2021
DELHI,MECH,SC,FEMALE,506,785,2019
KHARAGPUR,EEE,EWS,FEMALE,502,502,2022
MADRAS,EEE,EWS,FEMALE,500,567,2020
MADRAS,EEE,EWS,FEMALE,500,567,2020
HYDERABAD,EEE,OBC-NCL,FEMALE,500,901,2020
DELHI,MECH,OPEN,MALE,498,1222,2019
KHARAGPUR,MECH,SC,MALE,497,774,2020
MADRAS,MECH,EWS,FEMALE,496,496,2019
MADRAS,MECH,EWS,FEMALE,496,496,2019
HYDERABAD,CSE,SC,FEMALE,494,566,2022
MADRAS,CIVIL,ST,FEMALE,491,491,2019
MADRAS,CIVIL,ST,FEMALE,491,491,2019
DELHI,EEE,OBC-NCL,FEMALE,487,1105,2023
KHARAGPUR,ECE,OBC-NCL,FEMALE,484,1252,2022
KHARAGPUR,ECE,OPEN,MALE,482,1132,2021
KHARAGPUR,ECE,SC,FEMALE,481,481,2021
DELHI,EEE,SC,FEMALE,480,662,2023
KHARAGPUR,ECE,EWS,FEMALE,476,485,2022
KHARAGPUR,CIVIL,ST,MALE,476,508,2022
MADRAS,CIVIL,EWS,MALE,461,470,2019
MADRAS,CIVIL,EWS,MALE,461,470,2019
KHARAGPUR,CSE,OBC-NCL,FEMALE,460,565,2020
DELHI,CIVIL,SC,MALE,459,847,2023
KHARAGPUR,ECE,ST,FEMALE,458,458,2021
HYDERABAD,CSE,OPEN,FEMALE,456,1382,2020
MADRAS,EEE,OBC-NCL,FEMALE,454,1307,2020
MADRAS,EEE,OBC-NCL,FEMALE,454,1307,2020
KHARAGPUR,EEE,OBC-NCL,MALE,452,664,2020
KHARAGPUR,EEE,ST,FEMALE,447,447,2020
KHARAGPUR,CIVIL,ST,MALE,445,527,2023
MADRAS,MECH,OBC-NCL,MALE,444,1251,2023
MADRAS,MECH,OBC-NCL,MALE,444,1251,2023
DELHI,EEE,EWS,FEMALE,442,450,2021
KHARAGPUR,CIVIL,EWS,MALE,440,463,2019
HYDERABAD,EEE,SC,MALE,440,684,2021
KHARAGPUR,ECE,OPEN,MALE,434,1145,2022
DELHI,CIVIL,EWS,MALE,433,679,2021
KHARAGPUR,MECH,EWS,MALE,431,686,2022
MADRAS,MECH,ST,FEMALE,430,705,2020
MADRAS,MECH,ST,FEMALE,430,705,2020
HYDERABAD,CIVIL,ST,MALE,428,612,2023
MADRAS,MECH,OBC-NCL,MALE,428,1034,2020
MADRAS,MECH,OBC-NCL,MALE,428,1034,2020
KHARAGPUR,EEE,ST,FEMALE,426,426,2021
MADRAS,MECH,OBC-NCL,MALE,425,1120,2021
MADRAS,MECH,OBC-NCL,MALE,425,1120,2021
HYDERABAD,EEE,SC,MALE,420,563,2019
KHARAGPUR,MECH,ST,MALE,419,497,2023
MADRAS,MECH,SC,FEMALE,419,1122,2019
MADRAS,MECH,SC,FEMALE,419,1122,2019
KHARAGPUR,MECH,ST,MALE,410,495,2022
MADRAS,EEE,SC,FEMALE,408,720,2022
MADRAS,EEE,SC,FEMALE,408,720,2022
HYDERABAD,EEE,SC,FEMALE,407,613,2020
KHARAGPUR,ECE,EWS,FEMALE,406,445,2021
KHARAGPUR,EEE,OBC-NCL,MALE,406,598,2019
MADRAS,MECH,EWS,MALE,406,669,2022
MADRAS,MECH,EWS,MALE,406,669,2022
KHARAGPUR,MECH,EWS,MALE,404,503,2021
KHARAGPUR,ECE,ST,FEMALE,399,399,2020
DELHI,EEE,SC,FEMALE,398,530,2020
MADRAS,EEE,EWS,FEMALE,394,469,2022
MADRAS,EEE,EWS,FEMALE,394,469,2022
KHARAGPUR,EEE,SC,FEMALE,388,413,2020
HYDERABAD,CIVIL,ST,MALE,383,436,2020
KHARAGPUR,EEE,ST,FEMALE,382,382,2022
MADRAS,EEE,ST,FEMALE,380,418,2021
MADRAS,EEE,ST,FEMALE,380,418,2021
KHARAGPUR,MECH,SC,MALE,378,788,2021
HYDERABAD,CSE,OPEN,MALE,374,674,2023
KHARAGPUR,CIVIL,ST,FEMALE,373,373,2021
MADRAS,MECH,OBC-NCL,MALE,370,846,2019
MADRAS,MECH,OBC-NCL,MALE,370,846,2019
KHARAGPUR,ECE,EWS,FEMALE,369,369,2023
HYDERABAD,MECH,ST,MALE,369,519,2021
HYDERABAD,CSE,OPEN,MALE,368,608,2022
MADRAS,EEE,SC,FEMALE,367,720,2023
MADRAS,EEE,SC,FEMALE,367,720,2023
HYDERABAD,EEE,SC,FEMALE,366,366,2019
DELHI,MECH,ST,FEMALE,365,365,2020
HYDERABAD,CSE,OBC-NCL,FEMALE,365,513,2021
DELHI,EEE,OPEN,MALE,364,553,2021
MADRAS,CSE,OPEN,FEMALE,363,644,2021
MADRAS,CSE,OPEN,FEMALE,363,644,2021
KHARAGPUR,EEE,ST,FEMALE,362,362,2023
DELHI,CIVIL,SC,MALE,362,860,2022
HYDERABAD,MECH,ST,MALE,360,494,2020
DELHI,EEE,OPEN,MALE,358,574,2022
DELHI,EEE,EWS,FEMALE,354,382,2023
DELHI,EEE,OPEN,MALE,354,582,2023
MADRAS,MECH,EWS,MALE,352,508,2020
MADRAS,MECH,EWS,MALE,352,508,2020
KHARAGPUR,EEE,SC,MALE,350,501,2023
MADRAS,CSE,OPEN,FEMALE,349,690,2019
MADRAS,CSE,OPEN,FEMALE,349,690,2019
DELHI,CSE,OBC-NCL,FEMALE,348,438,2020
HYDERABAD,EEE,ST,FEMALE,343,343,2022
KHARAGPUR,CSE,OBC-NCL,FEMALE,342,420,2021
DELHI,EEE,EWS,FEMALE,341,354,2020
HYDERABAD,EEE,EWS,MALE,341,418,2022
MADRAS,MECH,EWS,MALE,339,514,2023
MADRAS,MECH,EWS,MALE,339,514,2023
KHARAGPUR,ECE,OBC-NCL,MALE,337,548,2023
KHARAGPUR,MECH,SC,MALE,336,955,2023
KHARAGPUR,CSE,OBC-NCL,FEMALE,335,384,2023
HYDERABAD,CSE,OBC-NCL,FEMALE,335,521,2019
MADRAS,CIVIL,SC,MALE,332,1491,2023
MADRAS,CIVIL,SC,MALE,332,1491,2023
DELHI,CSE,OPEN,FEMALE,330,450,2022
KHARAGPUR,MECH,EWS,MALE,321,527,2020
MADRAS,EEE,EWS,FEMALE,320,320,2019
MADRAS,EEE,EWS,FEMALE,320,320,2019
HYDERABAD,CSE,OBC-NCL,FEMALE,320,514,2022
MADRAS,CSE,OPEN,FEMALE,319,479,2023
MADRAS,CSE,OPEN,FEMALE,319,479,2023
DELHI,EEE,OPEN,MALE,319,594,2020
HYDERABAD,EEE,EWS,MALE,316,349,2021
HYDERABAD,EEE,SC,MALE,316,483,2020
KHARAGPUR,EEE,SC,MALE,314,391,2020
KHARAGPUR,EEE,SC,MALE,311,450,2022
HYDERABAD,MECH,ST,MALE,311,540,2023
MADRAS,EEE,EWS,FEMALE,307,368,2023
MADRAS,EEE,EWS,FEMALE,307,368,2023
DELHI,EEE,EWS,FEMALE,307,371,2022
MADRAS,MECH,SC,MALE,306,976,2023
MADRAS,MECH,SC,MALE,306,976,2023
DELHI,MECH,EWS,MALE,304,384,2023
KHARAGPUR,CSE,OPEN,FEMALE,303,890,2020
HYDERABAD,EEE,ST,MALE,299,299,2020
DELHI,EEE,OPEN,MALE,297,469,2019
MADRAS,MECH,EWS,MALE,297,492,2021
MADRAS,MECH,EWS,MALE,297,492,2021
KHARAGPUR,EEE,EWS,MALE,296,364,2023
DELHI,MECH,EWS,MALE,295,314,2021
HYDERABAD,CSE,SC,FEMALE,295,321,2023
KHARAGPUR,ECE,OBC-NCL,MALE,293,567,2021
HYDERABAD,MECH,ST,MALE,290,390,2019
KHARAGPUR,EEE,EWS,MALE,288,326,2022
KHARAGPUR,EEE,EWS,FEMALE,283,283,2019
HYDERABAD,CIVIL,ST,MALE,282,345,2019
DELHI,MECH,SC,MALE,282,432,2020
HYDERABAD,MECH,EWS,MALE,281,281,2019
DELHI,CIVIL,EWS,MALE,280,331,2019
MADRAS,EEE,OPEN,MALE,280,1009,2021
MADRAS,EEE,OPEN,MALE,280,1009,2021
KHARAGPUR,EEE,SC,FEMALE,278,296,2019
KHARAGPUR,CSE,OBC-NCL,FEMALE,278,332,2019
HYDERABAD,CIVIL,SC,MALE,278,1521,2021
KHARAGPUR,CIVIL,ST,MALE,276,376,2020
DELHI,CSE,OBC-NCL,FEMALE,275,340,2021
DELHI,CIVIL,ST,FEMALE,272,530,2022
KHARAGPUR,ECE,OBC-NCL,MALE,271,494,2020
HYDERABAD,CSE,EWS,FEMALE,267,267,2020
HYDERABAD,EEE,ST,MALE,267,349,2021
MADRAS,MECH,SC,MALE,264,696,2021
MADRAS,MECH,SC,MALE,264,696,2021
HYDERABAD,MECH,OPEN (PwD),MALE,263,263,2023
DELHI,MECH,SC,MALE,260,507,2022
MADRAS,MECH,SC,MALE,259,788,2022
MADRAS,MECH,SC,MALE,259,788,2022
KHARAGPUR,EEE,SC,MALE,253,511,2021
DELHI,CSE,OBC-NCL,FEMALE,252,318,2023
MADRAS,EEE,OPEN,MALE,252,1028,2022
MADRAS,EEE,OPEN,MALE,252,1028,2022
KHARAGPUR,CSE,OBC-NCL,FEMALE,250,353,2022
DELHI,MECH,EWS,MALE,248,329,2020
KHARAGPUR,EEE,EWS,MALE,247,293,2021
DELHI,MECH,EWS,MALE,247,401,2022
HYDERABAD,CSE,SC,FEMALE,241,241,2019
MADRAS,MECH,ST,MALE,241,426,2022
MADRAS,MECH,ST,MALE,241,426,2022
HYDERABAD,EEE,ST,MALE,240,281,2019
MADRAS,EEE,OBC-NCL,MALE,240,547,2022
MADRAS,EEE,OBC-NCL,MALE,240,547,2022
KHARAGPUR,CIVIL,SC,MALE,240,1418,2022
KHARAGPUR,CIVIL,ST,MALE,239,263,2019
HYDERABAD,EEE,EWS,MALE,239,405,2023
KHARAGPUR,ECE,ST,FEMALE,238,238,2022
MADRAS,MECH,SC,MALE,238,666,2020
MADRAS,MECH,SC,MALE,238,666,2020
MADRAS,EEE,SC,FEMALE,237,912,2021
MADRAS,EEE,SC,FEMALE,237,912,2021
KHARAGPUR,ECE,OBC-NCL,MALE,235,510,2022
KHARAGPUR,MECH,ST,MALE,234,412,2021
DELHI,CSE,OPEN,FEMALE,233,465,2019
MADRAS,CSE,OBC-NCL,FEMALE,232,293,2023
MADRAS,CSE,OBC-NCL,FEMALE,232,293,2023
HYDERABAD,EEE,ST,FEMALE,231,231,2021
HYDERABAD,CSE,SC,FEMALE,229,261,2020
MADRAS,EEE,SC,FEMALE,226,295,2019
MADRAS,EEE,SC,FEMALE,226,295,2019
HYDERABAD,CSE,ST,FEMALE,225,225,2019
DELHI,EEE,OBC-NCL,MALE,225,365,2020
MADRAS,EEE,ST,FEMALE,222,302,2023
MADRAS,EEE,ST,FEMALE,222,302,2023
HYDERABAD,CSE,OPEN,MALE,222,584,2020
KHARAGPUR,CSE,SC,FEMALE,221,221,2019
DELHI,EEE,OBC-NCL,MALE,219,383,2022
MADRAS,MECH,ST,MALE,217,371,2020
MADRAS,MECH,ST,MALE,217,371,2020
DELHI,MECH,ST,MALE,216,296,2022
DELHI,EEE,SC,FEMALE,215,285,2019
DELHI,CIVIL,ST,FEMALE,215,330,2019
HYDERABAD,EEE,EWS,MALE,214,372,2020
KHARAGPUR,EEE,ST,MALE,212,288,2022
KHARAGPUR,MECH,ST,MALE,212,396,2020
KHARAGPUR,ECE,OBC-NCL,MALE,212,407,2019
KHARAGPUR,ECE,EWS,FEMALE,211,211,2019
DELHI,CIVIL,SC,MALE,211,727,2021
HYDERABAD,EEE,ST,FEMALE,210,237,2020
KHARAGPUR,CSE,OPEN,MALE,207,285,2021
DELHI,EEE,OBC-NCL,MALE,207,456,2023
KHARAGPUR,CSE,OPEN,MALE,204,283,2019
KHARAGPUR,EEE,SC,MALE,204,378,2019
MADRAS,CSE,OPEN,FEMALE,204,576,2020
MADRAS,CSE,OPEN,FEMALE,204,576,2020
HYDERABAD,CSE,OPEN,MALE,203,203,2019
HYDERABAD,CSE,ST,FEMALE,201,201,2020
MADRAS,EEE,EWS,FEMALE,201,508,2021
MADRAS,EEE,EWS,FEMALE,201,508,2021
KHARAGPUR,CSE,SC,FEMALE,199,218,2021
HYDERABAD,CSE,OBC-NCL,MALE,198,253,2021
KHARAGPUR,ECE,OPEN (PwD),FEMALE,197,197,2023
DELHI,MECH,SC,MALE,197,422,2021
KHARAGPUR,EEE,EWS,MALE,194,257,2020
MADRAS,EEE,SC,FEMALE,193,355,2020
MADRAS,EEE,SC,FEMALE,193,355,2020
DELHI,CIVIL,SC,MALE,192,627,2020
HYDERABAD,CSE,OPEN,MALE,191,521,2021
DELHI,EEE,ST,FEMALE,187,218,2023
MADRAS,CIVIL,ST,MALE,187,403,2021
MADRAS,CIVIL,ST,MALE,187,403,2021
MADRAS,EEE,SC,MALE,186,367,2022
MADRAS,EEE,SC,MALE,186,367,2022
KHARAGPUR,EEE,ST,MALE,185,268,2021
HYDERABAD,MECH,OPEN (PwD),MALE,184,184,2022
MADRAS,EEE,ST,FEMALE,184,402,2022
MADRAS,EEE,ST,FEMALE,184,402,2022
MADRAS,MECH,ST,MALE,184,430,2023
MADRAS,MECH,ST,MALE,184,430,2023
KHARAGPUR,ECE,ST,FEMALE,182,182,2023
MADRAS,EEE,OPEN,MALE,182,722,2019
MADRAS,EEE,OPEN,MALE,182,722,2019
KHARAGPUR,CSE,OPEN,MALE,180,293,2020
DELHI,CIVIL,ST,FEMALE,179,868,2023
KHARAGPUR,EEE,ST,MALE,178,241,2023
MADRAS,EEE,SC,MALE,178,399,2021
MADRAS,EEE,SC,MALE,178,399,2021
KHARAGPUR,EEE,OPEN (PwD),MALE,177,177,2023
DELHI,MECH,ST,MALE,177,295,2023
HYDERABAD,CSE,OBC-NCL,MALE,176,292,2022
HYDERABAD,EEE,OPEN (PwD),MALE,174,109,2023
HYDERABAD,CSE,EWS,FEMALE,174,174,2022
KHARAGPUR,EEE,ST,MALE,172,206,2020
HYDERABAD,EEE,EWS,MALE,171,174,2019
DELHI,CIVIL,OPEN (PwD),MALE,170,170,2023
MADRAS,CSE,OBC-NCL,FEMALE,170,303,2021
MADRAS,CSE,OBC-NCL,FEMALE,170,303,2021
MADRAS,CIVIL,ST,MALE,169,360,2022
MADRAS,CIVIL,ST,MALE,169,360,2022
MADRAS,CIVIL,ST,MALE,169,360,2022
MADRAS,CIVIL,ST,MALE,169,360,2022
KHARAGPUR,MECH,EWS,MALE,168,178,2019
MADRAS,EEE,EWS,MALE,168,272,2022
MADRAS,EEE,EWS,MALE,168,272,2022
MADRAS,EEE,OPEN,MALE,166,844,2020
MADRAS,EEE,OPEN,MALE,166,844,2020
MADRAS,EEE,OBC-NCL,MALE,165,492,2023
MADRAS,EEE,OBC-NCL,MALE,165,492,2023
KHARAGPUR,ECE,EWS,MALE,164,214,2021
KHARAGPUR,CSE,OPEN,MALE,164,279,2023
KHARAGPUR,ECE,EWS,MALE,162,238,2023
HYDERABAD,CSE,OBC-NCL,MALE,162,256,2023
MADRAS,CIVIL,OPEN (PwD),MALE,161,59,2021
MADRAS,CIVIL,OPEN (PwD),MALE,161,59,2021
MADRAS,EEE,ST,FEMALE,160,216,2019
MADRAS,EEE,ST,FEMALE,160,216,2019
HYDERABAD,EEE,ST,MALE,158,316,2022
KHARAGPUR,CSE,OPEN (PwD),FEMALE,157,157,2023
DELHI,CIVIL,ST,FEMALE,157,209,2021
MADRAS,CSE,OBC-NCL,FEMALE,156,248,2019
MADRAS,CSE,OBC-NCL,FEMALE,156,248,2019
MADRAS,CSE,EWS,FEMALE,155,164,2020
MADRAS,CSE,EWS,FEMALE,155,164,2020
DELHI,MECH,OBC-NCL,MALE,155,606,2019
DELHI,CSE,SC,FEMALE,154,185,2021
MADRAS,EEE,OBC-NCL,MALE,154,474,2021
MADRAS,EEE,OBC-NCL,MALE,154,474,2021
MADRAS,EEE,OPEN (PwD),FEMALE,153,153,2020
MADRAS,EEE,OPEN (PwD),FEMALE,153,153,2020
MADRAS,CIVIL,OPEN (PwD),MALE,153,176,2023
MADRAS,CIVIL,OPEN (PwD),MALE,153,176,2023
KHARAGPUR,CSE,SC,FEMALE,152,205,2020
MADRAS,EEE,OPEN,MALE,150,964,2023
MADRAS,EEE,OPEN,MALE,150,964,2023
KHARAGPUR,ECE,ST,MALE,149,196,2020
KHARAGPUR,MECH,ST,MALE,149,268,2019
KHARAGPUR,CSE,ST,FEMALE,147,147,2020
HYDERABAD,EEE,OPEN (PwD),MALE,147,147,2021
KHARAGPUR,CIVIL,ST,MALE,146,382,2021
MADRAS,MECH,EWS,MALE,145,167,2019
MADRAS,MECH,EWS,MALE,145,167,2019
KHARAGPUR,ECE,SC,MALE,144,251,2022
KHARAGPUR,MECH,OPEN (PwD),MALE,142,1,2021
KHARAGPUR,EEE,ST,MALE,141,178,2019
MADRAS,CIVIL,OPEN (PwD),MALE,140,65,2020
MADRAS,CIVIL,OPEN (PwD),MALE,140,65,2020
KHARAGPUR,CSE,ST,FEMALE,140,140,2022
MADRAS,MECH,OPEN (PwD),MALE,140,158,2021
MADRAS,MECH,OPEN (PwD),MALE,140,158,2021
MADRAS,CSE,SC,FEMALE,139,196,2021
MADRAS,CSE,SC,FEMALE,139,196,2021
DELHI,CSE,OBC-NCL,FEMALE,139,266,2022
DELHI,CIVIL,OPEN (PwD),MALE,137,137,2021
MADRAS,CIVIL,ST,MALE,136,222,2019
MADRAS,CIVIL,ST,MALE,136,222,2019
DELHI,EEE,OBC-NCL,MALE,136,366,2021
HYDERABAD,CSE,OBC-NCL,MALE,134,287,2019
KHARAGPUR,ECE,EWS,MALE,133,194,2022
KHARAGPUR,CSE,ST,FEMALE,132,132,2023
KHARAGPUR,CSE,SC,FEMALE,131,147,2022
KHARAGPUR,ECE,SC,FEMALE,130,130,2020
HYDERABAD,EEE,ST,MALE,130,203,2023
MADRAS,EEE,OPEN (PwD),FEMALE,128,128,2023
HYDERABAD,CSE,EWS,FEMALE,128,128,2023
MADRAS,EEE,OPEN (PwD),FEMALE,128,128,2023
MADRAS,CSE,SC,FEMALE,128,151,2019
MADRAS,CSE,SC,FEMALE,128,151,2019
DELHI,CSE,OBC-NCL,FEMALE,128,197,2019
MADRAS,MECH,ST,MALE,127,253,2019
MADRAS,MECH,ST,MALE,127,253,2019
KHARAGPUR,MECH,OPEN (PwD),MALE,124,1,2020
DELHI,CSE,SC,FEMALE,124,129,2023
DELHI,EEE,ST,FEMALE,123,155,2021
HYDERABAD,CSE,SC,MALE,123,170,2020
KHARAGPUR,ECE,EWS,MALE,123,191,2020
HYDERABAD,CSE,OPEN (PwD),FEMALE,122,122,2020
DELHI,EEE,EWS,MALE,122,153,2022
DELHI,MECH,OPEN (PwD),MALE,120,120,2022
DELHI,EEE,EWS,FEMALE,120,120,2019
DELHI,EEE,EWS,MALE,120,161,2023
KHARAGPUR,ECE,ST,MALE,120,219,2021
DELHI,EEE,EWS,MALE,119,148,2021
MADRAS,CSE,SC,FEMALE,119,181,2020
MADRAS,CSE,SC,FEMALE,119,181,2020
HYDERABAD,CSE,ST,FEMALE,117,117,2023
KHARAGPUR,ECE,SC,MALE,117,298,2020
HYDERABAD,EEE,OPEN (PwD),MALE,116,116,2019
HYDERABAD,CSE,EWS,FEMALE,114,114,2021
KHARAGPUR,MECH,SC,MALE,114,453,2019
MADRAS,CSE,ST,FEMALE,113,113,2019
HYDERABAD,CSE,ST,FEMALE,113,113,2021
MADRAS,CSE,ST,FEMALE,113,113,2019
KHARAGPUR,CSE,OPEN,MALE,112,303,2022
DELHI,EEE,SC,FEMALE,112,712,2021
MADRAS,CIVIL,OPEN (PwD),MALE,111,111,2019
MADRAS,CIVIL,OPEN (PwD),MALE,111,111,2019
KHARAGPUR,CSE,OBC-NCL,MALE,111,160,2023
MADRAS,EEE,EWS,MALE,111,221,2021
MADRAS,EEE,EWS,MALE,111,221,2021
HYDERABAD,CSE,SC,MALE,110,149,2023
DELHI,CSE,SC,FEMALE,109,115,2019
DELHI,CSE,ST,FEMALE,107,107,2019
DELHI,EEE,OBC-NCL,MALE,107,295,2019
KHARAGPUR,ECE,SC,MALE,107,353,2019
MADRAS,EEE,EWS,MALE,106,231,2023
MADRAS,EEE,EWS,MALE,106,231,2023
KHARAGPUR,EEE,OPEN (PwD),MALE,105,105,2020
MADRAS,MECH,OPEN (PwD),MALE,104,124,2022
MADRAS,MECH,OPEN (PwD),MALE,104,124,2022
MADRAS,EEE,OBC-NCL,MALE,104,427,2020
MADRAS,EEE,OBC-NCL,MALE,104,427,2020
MADRAS,EEE,ST,FEMALE,103,213,2020
MADRAS,EEE,ST,FEMALE,103,213,2020
KHARAGPUR,ECE,SC,MALE,103,326,2023
KHARAGPUR,CSE,OPEN (PwD),FEMALE,102,102,2021
DELHI,EEE,EWS,MALE,101,120,2020
HYDERABAD,CSE,OBC-NCL,MALE,99,228,2020
MADRAS,CIVIL,OPEN (PwD),MALE,98,98,2022
MADRAS,CIVIL,OPEN (PwD),MALE,98,98,2022
MADRAS,CIVIL,OPEN (PwD),MALE,98,98,2022
MADRAS,CIVIL,OPEN (PwD),MALE,98,98,2022
DELHI,CSE,OPEN,FEMALE,98,432,2021
HYDERABAD,CIVIL,OPEN (PwD),MALE,97,97,2020
DELHI,CSE,EWS,FEMALE,97,117,2023
DELHI,CSE,EWS,FEMALE,96,105,2021
MADRAS,EEE,EWS,MALE,96,202,2020
MADRAS,EEE,EWS,MALE,96,202,2020
KHARAGPUR,CSE,ST,FEMALE,95,95,2021
HYDERABAD,MECH,OPEN (PwD),MALE,94,159,2021
MADRAS,CSE,EWS,FEMALE,93,93,2021
MADRAS,CSE,EWS,FEMALE,93,93,2021
MADRAS,CSE,ST,FEMALE,93,110,2021
MADRAS,CSE,ST,FEMALE,93,110,2021
HYDERABAD,CSE,OPEN (PWD),FEMALE,91,91,2021
DELHI,CSE,OPEN,FEMALE,91,419,2023
HYDERABAD,CIVIL,OBC-NCL (PwD),MALE,90,90,2020
MADRAS,CSE,OPEN,MALE,90,188,2019
MADRAS,CSE,OPEN,MALE,90,188,2019
DELHI,CSE,ST,FEMALE,89,116,2023
KHARAGPUR,CSE,OBC-NCL,MALE,89,138,2022
DELHI,EEE,OPEN (PwD),FEMALE,88,88,2020
KHARAGPUR,EEE,EWS,MALE,88,91,2019
MADRAS,EEE,OBC-NCL,MALE,88,336,2019
MADRAS,EEE,OBC-NCL,MALE,88,336,2019
HYDERABAD,CSE,ST,FEMALE,86,86,2022
DELHI,CSE,EWS,FEMALE,86,103,2020
DELHI,MECH,EWS,MALE,85,113,2019
KHARAGPUR,ECE,ST,MALE,85,135,2023
MADRAS,CSE,OPEN,MALE,85,163,2021
MADRAS,CSE,OPEN,MALE,85,163,2021
HYDERABAD,CSE,SC,MALE,83,142,2021
DELHI,EEE,SC,MALE,83,152,2019
DELHI,CIVIL,ST,FEMALE,83,235,2020
HYDERABAD,EEE,OPEN (PwD),MALE,82,82,2022
MADRAS,MECH,OPEN (PwD),MALE,82,154,2019
MADRAS,MECH,OPEN (PwD),MALE,82,154,2019
DELHI,EEE,SC,MALE,82,220,2023
DELHI,CSE,EWS,FEMALE,81,87,2022
KHARAGPUR,CSE,OBC-NCL,MALE,81,119,2019
MADRAS,CIVIL,ST,MALE,81,488,2023
MADRAS,CIVIL,ST,MALE,81,488,2023
MADRAS,CSE,EWS,FEMALE,79,85,2023
MADRAS,CSE,EWS,FEMALE,79,85,2023
KHARAGPUR,EEE,OPEN (PwD),MALE,77,77,2022
MADRAS,CSE,OBC-NCL,FEMALE,77,402,2020
MADRAS,CSE,OBC-NCL,FEMALE,77,402,2020
HYDERABAD,CSE,EWS,MALE,75,95,2023
DELHI,MECH,ST,MALE,74,184,2020
HYDERABAD,CSE,EWS,MALE,73,86,2021
DELHI,EEE,SC,MALE,73,220,2022
DELHI,CSE,OPEN (PwD),FEMALE,72,72,2023
KHARAGPUR,CSE,EWS,FEMALE,72,72,2019
KHARAGPUR,MECH,OPEN (PwD),MALE,72,72,2019
MADRAS,CSE,SC,FEMALE,72,128,2023
MADRAS,CSE,SC,FEMALE,72,128,2023
MADRAS,EEE,ST,MALE,72,185,2020
MADRAS,EEE,ST,MALE,72,185,2020
DELHI,EEE,ST,FEMALE,71,192,2020
MADRAS,EEE,ST,MALE,70,167,2021
MADRAS,EEE,ST,MALE,70,167,2021
MADRAS,EEE,ST,MALE,70,198,2022
MADRAS,EEE,ST,MALE,70,198,2022
HYDERABAD,CSE,OBC-NCL (PwD),FEMALE,69,69,2020
KHARAGPUR,ECE,OPEN (PwD),MALE,69,70,2021
KHARAGPUR,ECE,SC,MALE,69,246,2021
MADRAS,MECH,OPEN (PwD),FEMALE,68,68,2020
MADRAS,MECH,OPEN (PwD),FEMALE,68,68,2020
KHARAGPUR,ECE,EWS,MALE,67,74,2019
KHARAGPUR,ECE,ST,MALE,67,173,2022
DELHI,CIVIL,OPEN (PwD),MALE,65,65,2020
HYDERABAD,CSE,EWS,MALE,64,93,2020
HYDERABAD,CSE,EWS,MALE,63,88,2022
MADRAS,EEE,ST,MALE,63,146,2023
MADRAS,EEE,ST,MALE,63,146,2023
DELHI,CSE,EWS,FEMALE,62,62,2019
MADRAS,MECH,OPEN (PwD),MALE,62,145,2020
MADRAS,MECH,OPEN (PwD),MALE,62,145,2020
HYDERABAD,EEE,OPEN (PWD),FEMALE,61,61,2020
MADRAS,EEE,OBC-NCL (PwD),MALE,60,69,2023
MADRAS,EEE,OBC-NCL (PwD),MALE,60,69,2023
DELHI,CSE,OBC-NCL,MALE,60,105,2023
DELHI,CIVIL,ST,MALE,60,214,2023
KHARAGPUR,CSE,OBC-NCL (PwD),FEMALE,59,59,2023
HYDERABAD,EEE,OBC-NCL (PwD),FEMALE,59,59,2022
MADRAS,MECH,SC,MALE,59,534,2019
MADRAS,MECH,SC,MALE,59,534,2019
MADRAS,EEE,OPEN (PwD),MALE,58,74,2019
MADRAS,EEE,OPEN (PwD),MALE,58,74,2019
DELHI,CSE,ST,FEMALE,58,92,2022
HYDERABAD,CSE,SC,MALE,58,164,2022
MADRAS,CSE,EWS,FEMALE,57,57,2019
MADRAS,CSE,EWS,FEMALE,57,57,2019
DELHI,MECH,SC,MALE,57,310,2019
MADRAS,MECH,ST,MALE,56,381,2021
MADRAS,MECH,ST,MALE,56,381,2021
MADRAS,EEE,OPEN (PwD),MALE,55,58,2020
MADRAS,EEE,OPEN (PwD),MALE,55,58,2020
KHARAGPUR,ECE,OPEN (PwD),MALE,55,65,2023
KHARAGPUR,CSE,SC,MALE,55,92,2023
DELHI,CSE,SC,FEMALE,55,130,2022
KHARAGPUR,CSE,OBC-NCL,MALE,55,149,2020
HYDERABAD,CSE,SC,MALE,55,208,2019
KHARAGPUR,EEE,OBC-NCL (PwD),MALE,54,54,2022
HYDERABAD,CIVIL,OBC-NCL (PwD),FEMALE,54,54,2019
DELHI,EEE,OPEN (PwD),MALE,54,61,2023
KHARAGPUR,ECE,OPEN (PwD),MALE,53,92,2020
KHARAGPUR,CSE,OBC-NCL,MALE,53,161,2021
MADRAS,EEE,OPEN (PwD),MALE,52,150,2023
MADRAS,EEE,OPEN (PwD),MALE,52,150,2023
KHARAGPUR,ECE,ST,MALE,51,166,2019
DELHI,MECH,ST,MALE,51,184,2021
MADRAS,EEE,SC,MALE,51,257,2019
MADRAS,EEE,SC,MALE,51,257,2019
KHARAGPUR,CSE,OPEN (PwD),FEMALE,50,50,2020
DELHI,CIVIL,SC,MALE,50,681,2019
DELHI,EEE,OBC-NCL (PwD),MALE,49,49,2023
MADRAS,MECH,OBC-NCL (PwD),MALE,49,49,2022
KHARAGPUR,CSE,OBC-NCL (PwD),FEMALE,49,49,2022
MADRAS,MECH,OBC-NCL (PwD),MALE,49,49,2022
MADRAS,CSE,OPEN,MALE,49,158,2020
MADRAS,CSE,OPEN,MALE,49,158,2020
DELHI,EEE,OPEN (PwD),FEMALE,48,48,2021
MADRAS,EEE,ST,MALE,48,137,2019
MADRAS,EEE,ST,MALE,48,137,2019
MADRAS,CIVIL,ST,MALE,48,337,2020
MADRAS,CIVIL,ST,MALE,48,337,2020
DELHI,MECH,OPEN (PwD),MALE,47,47,2023
KHARAGPUR,ECE,OBC-NCL (PwD),MALE,47,47,2023
DELHI,CIVIL,OPEN (PwD),MALE,47,59,2022
MADRAS,EEE,EWS,MALE,47,61,2019
MADRAS,EEE,EWS,MALE,47,61,2019
HYDERABAD,CSE,ST,MALE,47,84,2019
KHARAGPUR,CSE,SC,MALE,47,85,2022
DELHI,MECH,SC,MALE,47,558,2023
DELHI,CSE,OBC-NCL,MALE,46,84,2021
DELHI,EEE,SC,MALE,46,204,2020
KHARAGPUR,CSE,OPEN (PwD),FEMALE,45,45,2022
HYDERABAD,CSE,OBC-NCL (PwD),FEMALE,45,45,2023
MADRAS,CSE,OBC-NCL,MALE,45,83,2019
KHARAGPUR,CSE,SC,MALE,45,83,2020
MADRAS,CSE,OBC-NCL,MALE,45,83,2019
MADRAS,MECH,EWS (PwD),MALE,44,44,2023
HYDERABAD,MECH,OBC-NCL (PwD),MALE,44,44,2019
MADRAS,MECH,EWS (PwD),MALE,44,44,2023
MADRAS,EEE,OBC-NCL (PwD),MALE,44,47,2019
MADRAS,EEE,OBC-NCL (PwD),MALE,44,47,2019
HYDERABAD,CSE,ST,MALE,44,96,2020
KHARAGPUR,ECE,OBC-NCL (PwD),MALE,43,43,2020
DELHI,CIVIL,OPEN (PwD),MALE,43,60,2019
MADRAS,MECH,OBC-NCL (PwD),MALE,43,61,2021
MADRAS,MECH,OBC-NCL (PwD),MALE,43,61,2021
MADRAS,CSE,OBC-NCL (PwD),FEMALE,42,42,2021
KHARAGPUR,EEE,OBC-NCL (PwD),MALE,42,42,2021
MADRAS,CSE,OBC-NCL (PwD),FEMALE,42,42,2021
KHARAGPUR,CSE,EWS,MALE,42,53,2020
KHARAGPUR,CSE,EWS,MALE,42,54,2023
HYDERABAD,CSE,ST,MALE,42,61,2022
MADRAS,CSE,OPEN,MALE,42,148,2023
MADRAS,CSE,OPEN,MALE,42,148,2023
DELHI,EEE,SC,MALE,42,165,2021
HYDERABAD,MECH,OPEN (PwD),MALE,41,41,2019
KHARAGPUR,ECE,OBC-NCL (PwD),MALE,40,40,2022
HYDERABAD,CSE,OPEN (PWD),MALE,40,40,2021
KHARAGPUR,CSE,EWS,MALE,40,50,2021
DELHI,EEE,ST,FEMALE,40,177,2022
DELHI,EEE,EWS,MALE,39,46,2019
MADRAS,EEE,OBC-NCL (PwD),MALE,39,46,2020
MADRAS,EEE,OBC-NCL (PwD),MALE,39,46,2020
DELHI,EEE,OPEN (PwD),MALE,39,48,2020
HYDERABAD,CSE,OPEN (PWD),MALE,38,53,2023
MADRAS,CSE,OBC-NCL,MALE,38,101,2023
MADRAS,CSE,OBC-NCL,MALE,38,101,2023
KHARAGPUR,EEE,OBC-NCL (PwD),MALE,37,37,2020
KHARAGPUR,EEE,OPEN (PwD),MALE,37,37,2019
MADRAS,CSE,SC,MALE,37,58,2021
MADRAS,CSE,SC,MALE,37,58,2021
HYDERABAD,CSE,ST,MALE,37,79,2021
DELHI,CSE,OPEN,FEMALE,37,521,2020
MADRAS,CIVIL,OBC-NCL (PwD),MALE,36,36,2019
MADRAS,CIVIL,OBC-NCL (PwD),MALE,36,36,2019
KHARAGPUR,CSE,ST,MALE,36,50,2020
MADRAS,EEE,OPEN (PwD),MALE,36,51,2021
MADRAS,EEE,OPEN (PwD),MALE,36,51,2021
KHARAGPUR,CSE,SC,MALE,36,86,2021
HYDERABAD,CSE,EWS,MALE,35,44,2019
KHARAGPUR,CSE,EWS,MALE,35,52,2022
MADRAS,CSE,OBC-NCL,MALE,35,92,2020
MADRAS,CSE,OBC-NCL,MALE,35,92,2020
KHARAGPUR,CSE,OBC-NCL (PwD),FEMALE,33,33,2019
KHARAGPUR,ECE,EWS (PwD),FEMALE,33,33,2023
DELHI,CSE,ST,FEMALE,32,32,2020
DELHI,CIVIL,OBC-NCL (PwD),MALE,32,32,2020
DELHI,EEE,ST,FEMALE,32,32,2019
DELHI,MECH,OPEN (PwD),MALE,32,32,2019
MADRAS,EEE,OBC-NCL (PwD),MALE,32,32,2021
MADRAS,EEE,OBC-NCL (PwD),MALE,32,32,2021
DELHI,CIVIL,ST,MALE,32,130,2021
KHARAGPUR,ECE,OBC-NCL (PwD),MALE,31,31,2019
KHARAGPUR,CSE,ST,MALE,31,43,2021
KHARAGPUR,ECE,OPEN (PwD),MALE,31,70,2022
DELHI,CSE,OPEN,MALE,31,105,2020
DELHI,CIVIL,ST,MALE,31,170,2022
DELHI,EEE,OPEN (PwD),MALE,30,39,2022
DELHI,CSE,ST,FEMALE,30,53,2021
DELHI,EEE,OPEN (PwD),MALE,30,53,2021
DELHI,CSE,OBC-NCL,MALE,30,87,2022
MADRAS,CIVIL,OBC-NCL (PwD),MALE,29,29,2020
MADRAS,EEE,OBC-NCL (PwD),FEMALE,29,29,2022
MADRAS,CIVIL,OBC-NCL (PwD),MALE,29,29,2020
MADRAS,EEE,OBC-NCL (PwD),FEMALE,29,29,2022
KHARAGPUR,CSE,ST,MALE,29,39,2022
DELHI,CSE,OPEN,MALE,29,102,2022
KHARAGPUR,CSE,SC,FEMALE,29,170,2023
MADRAS,CSE,ST,FEMALE,28,28,2023
HYDERABAD,CSE,OBC-NCL (PWD),MALE,28,28,2019
HYDERABAD,EEE,EWS (PwD),FEMALE,28,28,2020
MADRAS,CSE,ST,FEMALE,28,28,2023
KHARAGPUR,EEE,OPEN (PwD),MALE,27,27,2021
DELHI,EEE,EWS (PwD),MALE,26,26,2023
MADRAS,MECH,EWS (PwD),MALE,26,26,2020
MADRAS,MECH,EWS (PwD),MALE,26,26,2020
DELHI,EEE,OBC-NCL (PwD),MALE,24,24,2021
DELHI,CIVIL,ST,MALE,24,60,2020
DELHI,EEE,OBC-NCL (PwD),MALE,23,23,2022
MADRAS,CSE,OPEN (PwD),FEMALE,23,23,2021
MADRAS,MECH,EWS (PwD),MALE,23,23,2021
MADRAS,CSE,OPEN (PwD),FEMALE,23,23,2021
MADRAS,MECH,EWS (PwD),MALE,23,23,2021
MADRAS,EEE,SC,MALE,23,304,2020
MADRAS,EEE,SC,MALE,23,304,2020
MADRAS,CSE,EWS,MALE,22,37,2020
MADRAS,CSE,EWS,MALE,22,37,2020
DELHI,CSE,SC,MALE,22,39,2019
DELHI,MECH,OBC-NCL (PwD),MALE,21,21,2019
MADRAS,CSE,EWS,MALE,21,36,2023
MADRAS,CSE,EWS,MALE,21,36,2023
MADRAS,CSE,EWS,MALE,21,37,2021
MADRAS,CSE,EWS,MALE,21,37,2021
KHARAGPUR,CSE,EWS,MALE,20,20,2019
KHARAGPUR,ECE,OPEN (PwD),MALE,20,20,2019
MADRAS,EEE,OPEN (PwD),MALE,20,55,2022
MADRAS,EEE,OPEN (PwD),MALE,20,55,2022
DELHI,CIVIL,ST,MALE,20,74,2019
MADRAS,EEE,SC,MALE,20,316,2023
MADRAS,EEE,SC,MALE,20,316,2023
DELHI,CSE,OBC-NCL (PwD),FEMALE,19,19,2022
DELHI,CIVIL,OBC-NCL (PwD),MALE,19,19,2019
KHARAGPUR,EEE,EWS (PwD),MALE,19,19,2022
KHARAGPUR,ECE,EWS (PwD),MALE,19,19,2020
HYDERABAD,CSE,OPEN (PwD),MALE,19,19,2022
DELHI,CSE,EWS,MALE,19,28,2022
DELHI,CSE,SC,MALE,19,41,2020
DELHI,EEE,ST,MALE,19,74,2023
MADRAS,CSE,OBC-NCL,MALE,19,89,2021
MADRAS,CSE,OBC-NCL,MALE,19,89,2021
DELHI,CSE,OBC-NCL (PwD),FEMALE,18,18,2020
MADRAS,CIVIL,EWS (PwD),MALE,18,18,2020
MADRAS,CIVIL,EWS (PwD),MALE,18,18,2020
DELHI,CSE,ST,MALE,18,24,2023
MADRAS,EEE,OBC-NCL (PwD),MALE,17,17,2022
KHARAGPUR,ECE,EWS (PwD),MALE,17,17,2023
HYDERABAD,EEE,OBC-NCL (PwD),MALE,17,17,2019
MADRAS,EEE,OBC-NCL (PwD),MALE,17,17,2022
KHARAGPUR,CSE,OPEN (PwD),MALE,17,30,2023
KHARAGPUR,CSE,ST,MALE,17,39,2019
DELHI,CSE,OBC-NCL,MALE,17,65,2019
KHARAGPUR,CSE,SC,MALE,17,72,2019
MADRAS,CSE,EWS,MALE,16,17,2019
MADRAS,CSE,EWS,MALE,16,17,2019
DELHI,EEE,OPEN (PwD),MALE,16,24,2019
MADRAS,CSE,ST,MALE,16,24,2021
MADRAS,CSE,ST,MALE,16,24,2021
MADRAS,CSE,ST,MALE,16,28,2019
MADRAS,CSE,ST,MALE,16,28,2019
KHARAGPUR,CSE,ST,MALE,16,32,2023
DELHI,CSE,SC,MALE,16,34,2022
MADRAS,CSE,SC,MALE,16,54,2023
MADRAS,CSE,SC,MALE,16,54,2023
DELHI,CSE,OPEN,MALE,16,118,2023
MADRAS,EEE,EWS (PwD),MALE,15,15,2020
HYDERABAD,CSE,OBC-NCL (PwD),MALE,15,15,2021
MADRAS,EEE,EWS (PwD),MALE,15,15,2020
DELHI,CSE,ST,MALE,15,25,2020
MADRAS,CSE,ST,FEMALE,14,14,2020
KHARAGPUR,ECE,EWS (PwD),MALE,14,14,2022
KHARAGPUR,ECE,EWS (PwD),MALE,14,14,2021
HYDERABAD,CSE,OPEN (PwD),MALE,14,14,2019
MADRAS,CSE,ST,FEMALE,14,14,2020
KHARAGPUR,CSE,OPEN (PwD),MALE,14,17,2022
DELHI,CSE,EWS,MALE,14,32,2020
DELHI,EEE,EWS (PwD),MALE,13,13,2020
DELHI,EEE,EWS (PwD),MALE,12,12,2021
DELHI,MECH,OPEN (PwD),MALE,12,12,2021
DELHI,EEE,OBC-NCL (PwD),MALE,12,12,2019
MADRAS,MECH,SC (PwD),MALE,12,12,2020
MADRAS,MECH,SC (PwD),MALE,12,12,2020
DELHI,EEE,ST,MALE,12,112,2021
DELHI,EEE,ST,MALE,12,114,2022
KHARAGPUR,CSE,OBC-NCL (PwD),MALE,11,11,2023
MADRAS,CSE,ST,MALE,11,15,2023
MADRAS,CSE,ST,MALE,11,15,2023
KHARAGPUR,CSE,OBC-NCL (PwD),MALE,10,10,2022
DELHI,CSE,ST,MALE,10,18,2022
KHARAGPUR,CSE,OPEN (PwD),MALE,10,19,2021
DELHI,CSE,SC,MALE,10,49,2023
MADRAS,CSE,SC,MALE,10,54,2020
MADRAS,CSE,SC,MALE,10,54,2020
DELHI,CSE,OBC-NCL,MALE,10,83,2020
DELHI,CSE,OPEN (PwD),MALE,9,9,2023
DELHI,CSE,OBC-NCL (PwD),MALE,9,9,2023
DELHI,CSE,OPEN (PwD),FEMALE,9,9,2021
KHARAGPUR,CSE,OBC-NCL (PwD),MALE,9,9,2020
HYDERABAD,CSE,EWS (PwD),MALE,9,9,2020
DELHI,CSE,ST,MALE,9,17,2021
DELHI,EEE,ST,MALE,9,54,2019
DELHI,EEE,ST,MALE,9,75,2020
MADRAS,MECH,OPEN (PwD),MALE,8,5,2023
MADRAS,MECH,OPEN (PwD),MALE,8,5,2023
MADRAS,CSE,OBC-NCL (PwD),MALE,8,8,2021
MADRAS,EEE,SC (PwD),MALE,8,8,2021
MADRAS,EEE,EWS (PwD),MALE,8,8,2023
KHARAGPUR,CSE,EWS (PwD),MALE,8,8,2023
KHARAGPUR,CSE,SC (PwD),MALE,8,8,2023
KHARAGPUR,CSE,OBC-NCL (PwD),MALE,8,8,2019
MADRAS,CSE,OBC-NCL (PwD),MALE,8,8,2021
MADRAS,EEE,SC (PwD),MALE,8,8,2021
MADRAS,EEE,EWS (PwD),MALE,8,8,2023
DELHI,CSE,EWS,MALE,8,34,2023
MADRAS,CSE,SC,MALE,8,48,2019
MADRAS,CSE,SC,MALE,8,48,2019
DELHI,MECH,ST,MALE,8,108,2019
MADRAS,CSE,SC (PwD),MALE,7,7,2023
KHARAGPUR,CSE,EWS (PwD),MALE,7,7,2022
KHARAGPUR,CSE,EWS (PwD),MALE,7,7,2020
MADRAS,CSE,SC (PwD),MALE,7,7,2023
DELHI,CSE,OPEN (PwD),MALE,7,8,2022
DELHI,CSE,EWS,MALE,7,12,2019
DELHI,CSE,EWS,MALE,7,30,2021
MADRAS,MECH,OBC-NCL (PwD),MALE,7,48,2019
MADRAS,MECH,OBC-NCL (PwD),MALE,7,48,2019
HYDERABAD,CSE,ST,MALE,7,57,2023
MADRAS,EEE,EWS (PwD),MALE,6,6,2019
KHARAGPUR,CSE,EWS (PwD),MALE,6,6,2021
KHARAGPUR,CSE,OBC-NCL (PwD),MALE,6,6,2021
KHARAGPUR,CSE,OPEN (PwD),MALE,6,6,2019
MADRAS,EEE,EWS (PwD),MALE,6,6,2019
KHARAGPUR,CSE,OPEN (PwD),MALE,6,20,2020
DELHI,CSE,SC,FEMALE,6,122,2020
DELHI,CSE,OBC-NCL (PwD),MALE,5,5,2021
MADRAS,CSE,OBC-NCL (PwD),MALE,5,5,2020
MADRAS,CSE,EWS (PwD),MALE,5,5,2023
KHARAGPUR,CSE,SC (PwD),MALE,5,5,2021
MADRAS,CSE,OBC-NCL (PwD),MALE,5,5,2020
MADRAS,CSE,EWS (PwD),MALE,5,5,2023
DELHI,CSE,ST (PwD),MALE,4,4,2022
DELHI,CSE,OPEN (PwD),MALE,4,4,2020
DELHI,CSE,OBC-NCL (PwD),MALE,4,4,2020
DELHI,EEE,EWS (PwD),MALE,4,4,2019
MADRAS,CSE,SC (PwD),MALE,4,4,2019
MADRAS,CSE,SC (PwD),MALE,4,4,2020
MADRAS,CSE,OPEN (PwD),MALE,4,4,2023
MADRAS,CIVIL,ST (PwD),MALE,4,4,2019
MADRAS,CSE,SC (PwD),MALE,4,4,2019
MADRAS,CSE,SC (PwD),MALE,4,4,2020
MADRAS,CSE,OPEN (PwD),MALE,4,4,2023
MADRAS,CIVIL,ST (PwD),MALE,4,4,2019
DELHI,CSE,EWS (PwD),MALE,3,3,2023
DELHI,CSE,SC (PwD),MALE,3,3,2023
DELHI,CSE,EWS (PwD),MALE,3,3,2022
DELHI,CSE,OBC-NCL (PwD),MALE,3,3,2022
DELHI,CSE,OPEN (PwD),MALE,3,3,2021
DELHI,CSE,SC (PwD),MALE,3,3,2021
DELHI,CSE,SC (PwD),MALE,3,3,2020
DELHI,CSE,OBC-NCL (PwD),MALE,3,3,2019
MADRAS,CSE,OPEN (PwD),MALE,3,3,2020
MADRAS,CSE,EWS (PwD),MALE,3,3,2020
MADRAS,CSE,OBC-NCL (PwD),MALE,3,3,2023
KHARAGPUR,CSE,EWS (PwD),MALE,3,3,2019
MADRAS,CSE,OPEN (PwD),MALE,3,3,2020
MADRAS,CSE,EWS (PwD),MALE,3,3,2020
MADRAS,CSE,OBC-NCL (PwD),MALE,3,3,2023
DELHI,CSE,ST,MALE,3,19,2019
MADRAS,CSE,ST,MALE,3,23,2020
MADRAS,CSE,ST,MALE,3,23,2020
DELHI,CSE,SC,MALE,3,34,2021
DELHI,CSE,OPEN,MALE,3,100,2021
DELHI,CSE,SC (PwD),MALE,2,2,2022
DELHI,CSE,EWS (PwD),MALE,2,2,2021
DELHI,CSE,EWS (PwD),MALE,2,2,2020
MADRAS,CSE,ST (PwD),MALE,2,2,2021
KHARAGPUR,CSE,ST (PwD),MALE,2,2,2023
KHARAGPUR,CSE,SC (PwD),MALE,2,2,2020
HYDERABAD,CSE,SC (PWD),MALE,2,2,2022
MADRAS,CSE,ST (PwD),MALE,2,2,2021
DELHI,CSE,OPEN (PwD),MALE,2,3,2019
MADRAS,CSE,OPEN (PwD),MALE,2,6,2021
MADRAS,CSE,OPEN (PwD),MALE,2,6,2021
DELHI,CSE,OPEN,MALE,2,93,2019
DELHI,EEE,OPEN (PwD),FEMALE,1,1,2023
DELHI,MECH,EWS (PwD),MALE,1,1,2023
DELHI,MECH,OBC-NCL (PwD),MALE,1,1,2023
DELHI,CIVIL,OBC-NCL (PwD),MALE,1,1,2023
DELHI,EEE,OPEN (PwD),FEMALE,1,1,2022
DELHI,CIVIL,EWS (PwD),MALE,1,1,2022
DELHI,CIVIL,SC (PwD),MALE,1,1,2022
DELHI,MECH,EWS (PwD),MALE,1,1,2021
DELHI,MECH,OBC-NCL (PwD),MALE,1,1,2021
DELHI,CIVIL,OBC-NCL (PwD),MALE,1,1,2021
DELHI,CSE,ST (PwD),MALE,1,1,2020
DELHI,MECH,OPEN (PwD),FEMALE,1,1,2020
DELHI,MECH,OBC-NCL (PwD),MALE,1,1,2020
DELHI,MECH,SC (PwD),MALE,1,1,2020
DELHI,CIVIL,EWS (PwD),MALE,1,1,2020
DELHI,CIVIL,SC (PwD),MALE,1,1,2020
DELHI,CSE,SC (PwD),MALE,1,1,2019
DELHI,CSE,ST (PwD),MALE,1,1,2019
DELHI,EEE,SC (PwD),MALE,1,1,2019
DELHI,EEE,ST (PwD),MALE,1,1,2019
DELHI,MECH,OPEN (PwD),FEMALE,1,1,2019
DELHI,CIVIL,OPEN (PwD),FEMALE,1,1,2019
DELHI,CIVIL,EWS (PwD),MALE,1,1,2019
MADRAS,MECH,SC (PwD),MALE,1,1,2021
KHARAGPUR,EEE,EWS (PwD),MALE,1,1,2023
KHARAGPUR,MECH,OPEN (PwD),MALE,1,1,2023
KHARAGPUR,CSE,SC (PwD),MALE,1,1,2022
KHARAGPUR,ECE,OPEN (PwD),FEMALE,1,1,2022
KHARAGPUR,MECH,OPEN (PwD),MALE,1,1,2022
KHARAGPUR,MECH,OBC-NCL (PwD),MALE,1,1,2022
KHARAGPUR,CSE,ST (PwD),MALE,1,1,2021
KHARAGPUR,EEE,EWS (PwD),MALE,1,1,2021
KHARAGPUR,ECE,OPEN (PwD),FEMALE,1,1,2021
KHARAGPUR,ECE,OBC-NCL (PwD),MALE,1,1,2021
KHARAGPUR,CIVIL,OPEN (PwD),MALE,1,1,2021
KHARAGPUR,CSE,OBC-NCL (PwD),FEMALE,1,1,2020
KHARAGPUR,CSE,ST (PwD),MALE,1,1,2020
KHARAGPUR,MECH,OPEN (PwD),FEMALE,1,1,2020
KHARAGPUR,MECH,OBC-NCL (PwD),MALE,1,1,2020
KHARAGPUR,MECH,SC (PwD),MALE,1,1,2020
KHARAGPUR,MECH,ST (PwD),MALE,1,1,2020
KHARAGPUR,EEE,OBC-NCL (PwD),MALE,1,1,2019
KHARAGPUR,ECE,OPEN (PwD),FEMALE,1,1,2019
KHARAGPUR,ECE,OBC-NCL (PwD),FEMALE,1,1,2019
KHARAGPUR,CIVIL,OPEN (PwD),MALE,1,1,2019
KHARAGPUR,CIVIL,OBC-NCL (PwD),MALE,1,1,2019
MADRAS,MECH,SC (PwD),MALE,1,1,2021